"Name","Short description","Website","LinkedIn","Targeted industries","Product type","Highlighted","Robot or automated system type","Hardware company type","Software type","Accessory type","Human augmentation device type","Affiliations"
"1X","Humanoids for everyday life.","https://www.1x.tech/","https://www.linkedin.com/company/1x-technologies/","General-purpose robotics","Robot or automated system","No","Humanoid robot","","","","",""
"6 River Systems","Warehouse robots.","https://6river.com/","https://www.linkedin.com/company/6-river-systems/","Warehousing and storage","Robot or automated system","Yes","Mobile robot – Wheeled – Indoor","","","","",""
"Acceleration Robotics","Custom and productized robotic processing units with a focus on ROS.","https://accelerationrobotics.com/","https://www.linkedin.com/company/accelerationrobotics/","Robotics development","Hardware component,On-demand hardware component development","Yes","","","","","",""
"Adagy Robotics","API that enables remote operators to rescue robots when they fail.","https://www.adagyrobotics.com/","https://www.linkedin.com/company/adagy-robotics/","Robotics management","Software","No","","","","","",""
"Addverb","Robotics for warehouse automation.","https://addverb.com/","https://www.linkedin.com/company/addverb/","Material handling,Warehousing and storage","Robot or automated system","No","Mobile manipulator,Mobile robot – Railed,Mobile robot – Wheeled – Indoor,Modular or standardized storage and retrieval system","","","","",""
"Advanced Construction Robotics","Rebar tying robots.","https://www.constructionrobots.com/","https://www.linkedin.com/company/advanced-construction-construction-inc/","Construction","Robot or automated system","No","Cartesian robot","","","","",""
"Advanced Navigation","Navigation sensors for robotics.","https://www.advancednavigation.com/","https://www.linkedin.com/company/advanced-navigation/","Robotics development","Hardware component,Robot or automated system","No","Underwater drone","","","","",""
"Advex AI","Software for producing computer vision models.","https://www.advex.ai/","https://www.linkedin.com/company/advex-ai/","Manufacturing,Robotics development","Software","Yes","","","","","",""
"Aerodome","Drones and sensors for for public safety.","https://www.aerodome.com/","https://www.linkedin.com/company/aerodomeus/","Safety,Security","Hardware component,Robot accessory,Robot or automated system","No","Aerial drone – Multirotor","","","","",""
"AeroVironment","Autonomous aerial and ground vehicles, controllers. ","https://www.avinc.com/","https://www.linkedin.com/company/aerovironment/","Defense","Hardware component,Robot or automated system","No","Aerial drone – Fixed-wing,Aerial drone – Multirotor,Aerial drone – Single-rotor,Aerial drone – VTOL,Mobile manipulator,Mobile robot – Tracked,Robotic arm – Articulated","","","","",""
"Aescape","Robot-powered massage service.","https://www.aescape.com/","https://www.linkedin.com/company/aescape/","Wellness","Robot-powered service","No","Robotic arm – Articulated","","","","",""
"Aethon","Autonomous mobile robots.","https://aethon.com/","https://www.linkedin.com/company/aethon/","Healthcare,Hospitality","Robot or automated system","No","Mobile robot – Wheeled – Indoor","","","","",""
"Agile Robots","Robotic arms with intuitive programming and control.","https://www.agile-robots.com/en/","https://www.linkedin.com/company/agile-robots-ag/","Machine tending,Manufacturing,Material handling,Robotics development","Robot or automated system","Yes","Robotic arm – Articulated","","","","",""
"AgileX Robotics","Array of high quality robotic mobile platforms and robotic arm.","https://global.agilex.ai/","https://www.linkedin.com/company/agilexrobotics/","Manufacturing,Research,Robotics development,Warehousing and storage","Robot or automated system","Yes","Mobile robot – Tracked,Mobile robot – Wheeled – Indoor,Mobile robot – Wheeled – Off-road,Mobile robot – Wheeled – Outdoor,Robotic arm – Articulated","","","","",""
"Agility Robotics","Humanoid robot.","https://agilityrobotics.com/","https://www.linkedin.com/company/agilityrobotics/","Manufacturing,Warehousing and storage","Robot or automated system","No","Humanoid robot","","","","",""
"Agtonomy","Software and control system for autonomous farming.","https://www.agtonomy.com/","https://www.linkedin.com/company/agtonomy/","Agriculture and farming","Autonomous control system,Software","No","Autonomous vehicle – Off-road","","","","",""
"Aigen","Solar powered weed removing mobile robots.","https://www.aigen.io/","https://www.linkedin.com/company/aigeninc/","Agriculture and farming","Robot or automated system","No","Mobile robot – Wheeled – Off-road","","","","",""
"AION Robotics Corporation","Off-road autonomous ATV. ","https://www.aionrobotics.com/","https://www.linkedin.com/company/aionrobotics/","Civil engineering,Construction,Energy,Infrastructure","Robot or automated system","Yes","Mobile robot – Wheeled – Off-road","","","","",""
"Airobotics","General purpose commercial drones.","http://www.airoboticsdrones.com/","https://www.linkedin.com/company/airobotics/","Defense,Inspection,Safety,Security","Robot accessory,Robot or automated system","No","Aerial drone – Multirotor","","","","",""
"Airspace Link, Inc.","Software for safe drone route planning and operation.","https://airspacelink.com/","https://www.linkedin.com/company/airspacelink/","Robotic controls,Robotics management","Software","No","","","","","",""
"Ambi Robotics","AI sorting","https://www.ambirobotics.com/","https://www.linkedin.com/company/ambirobotics/","Warehousing and storage","Robot or automated system","No","Cartesian robot,Hybrid robotic system,Robotic arm – Articulated","","","","",""
"AMP","Robotic waste and recycling sortation.","https://ampsortation.com/","https://www.linkedin.com/company/amp-sortation/","Waste management","Robot or automated system","No","Automated system – Other","","","","",""
"Anduril Industries","Defense technologies.","https://www.anduril.com/","https://www.linkedin.com/company/andurilindustries/","Defense","Robot or automated system,Software","No","Aerial drone – Fixed-wing,Aerial drone – Single-rotor,Aerial drone – VTOL,Underwater drone","","","","",""
"Angsa Robotics","Robots for cleaning trash off grass.","https://angsa-robotics.com/","https://www.linkedin.com/company/angsa-robotics/","Landscaping","Robot or automated system","Yes","Mobile robot – Wheeled – Off-road","","","","",""
"Aniai","Automated grill that uses AI and CV to track cooking progress.","https://www.aniai.ai/","https://www.linkedin.com/company/aniai/","Food","Robot or automated system","No","Automated system – Other","","","","",""
"ANYbotics","Quadruped robots for inspection.","https://www.anybotics.com/","https://www.linkedin.com/company/anybotics/","Inspection","Robot or automated system","Yes","Bipedal robot,Humanoid robot,Quadrupedal robot,Quadrupedal robot – Wheeled","","","","",""
"Anyware Robotics","Unloading robot.","https://anyware-robotics.com/","https://www.linkedin.com/company/anyware-robotics/","Material handling","Robot or automated system","No","Mobile manipulator,Mobile robot – Wheeled – Indoor,Robotic arm – Articulated","","","","",""
"Applied Intuition","Autonomous vehicle software.","https://www.appliedintuition.com/","https://www.linkedin.com/company/applied-intuition-inc/","Agriculture and farming,Automotive,Construction,Defense,Mining,Robotics development,Transportation,Transportation of goods,Trucking","Software","No","","","","","",""
"Apptronik","Humanoid robot.","https://apptronik.com/","https://www.linkedin.com/company/apptronik-inc./","Manufacturing,Warehousing and storage","Robot or automated system","No","Humanoid robot","","","","",""
"Aqua Satellite","Autonomous underwater vehicles.","https://aquasatellite.com/","https://www.linkedin.com/company/aqua-satellite/","Marine","Robot or automated system","No","Underwater drone","","","","",""
"Archetype AI","AI model that understands the physical world.","https://www.archetypeai.io/","https://www.linkedin.com/company/archetype-ai/","Robotics development","Software","No","","","","","",""
"ARIN Technologies, Inc.","UWB-based indoor positioning system.","https://arintech.us/","https://www.linkedin.com/company/arin-technologies-inc/","Manufacturing,Warehousing and storage","Hardware component","No","","","","","",""
"ARIX Technologies","Robotic pipe inspection service.","https://www.arix-tech.com/","https://www.linkedin.com/company/arix-technologies/","Inspection","Robot as a service","No","Climbing robot","","","","",""
"ARX Robotics","Autonomous off-road mobile platforms.","https://www.arx-robotics.com/","https://www.linkedin.com/company/arx-robotics/","Defense,Safety,Security,Transportation of goods","Robot or automated system","No","Mobile robot – Tracked","","","","",""
"Ascent AeroSystems","Coaxial UAVs.","https://ascentaerosystems.com/","https://www.linkedin.com/company/ascent-aerosystems/","Defense,Inspection,Safety,Security","Robot or automated system","No","Aerial drone – Coaxial","","","","",""
"Ascento","Mobile security robot.","https://www.ascento.ai/","https://www.linkedin.com/company/ascento-robotics/","Security","Robot or automated system","Yes","Bipedal robot – Wheeled","","","","",""
"Astrobotic","Lunar rovers","https://www.astrobotic.com/","https://www.linkedin.com/company/astrobotic/","Space","Robot or automated system","No","Planetary rover","","","","",""
"Astrolab","Rovers for the Moon and Mars.","https://astrolab.space/","https://www.linkedin.com/company/astrolabspace/","Space","Robot or automated system","No","Planetary rover","","","","",""
"Asylon Robotics","Security robots","https://asylonrobotics.com/","https://www.linkedin.com/company/asylon/","Security","Robot accessory,Robot as a service,Software","No","Aerial drone – Multirotor,Quadrupedal robot","","","","",""
"Attabotics","Modular robotic-powered storage system.","https://www.attabotics.com/","https://www.linkedin.com/company/attabotics/","Warehousing and storage","Robot or automated system","No","Modular or standardized storage and retrieval system","","","","",""
"Aurora","Hardware and software for autonomous mobility.","https://aurora.tech/","https://www.linkedin.com/company/auroradriver/","Transportation,Transportation of goods,Trucking","Autonomous control system","No","Automation retrofit","","","","",""
"Auterion","Operating system for autonomous robotic fleets.","https://auterion.com/","https://www.linkedin.com/company/auterion/","Robotic controls,Robotics management","Software","No","","","","","",""
"Automated Architecture (AUAR)","Robotic micro-factories for housing construction.","https://automatedarchitecture.io/","https://www.linkedin.com/company/automated-architecture/","Construction","Robot or automated system","No","Automated micro-factory","","","","",""
"AutoStore","Modular storage and robotic retrieval system.","https://www.autostoresystem.com/","https://www.linkedin.com/company/autostoresystem/","Warehousing and storage","Robot or automated system","No","Modular or standardized storage and retrieval system","","","","",""
"Avidbots Corp.","Autonomous cleaning for industrial and large spaces.","https://avidbots.com/","https://www.linkedin.com/company/avidbots-corp/","Warehousing and storage","Robot or automated system","Yes","Mobile robot – Wheeled – Indoor","","","","",""
"Avride","Self-driving car system and a delivery robot.","https://www.avride.ai/","https://www.linkedin.com/company/avrideai/","Automotive,Delivery,Transportation","Autonomous control system,Robot or automated system","No","Automation retrofit,Mobile robot – Wheeled – Outdoor","","","","",""
"Baubot","Mobile robotic arms for construction.","https://www.baubot.com/","https://www.linkedin.com/company/baubot/","Construction","Robot or automated system","No","Mobile manipulator,Mobile robot – Tracked,Robotic arm – Articulated","","","","",""
"Bear Robotics","Autonomous indoor mobile robots.","https://www.bearrobotics.ai/","https://www.linkedin.com/company/bear-robotics-inc/","Healthcare,Manufacturing,Robotics development,Warehousing and storage","Robot or automated system","No","Mobile robot – Wheeled – Indoor","","","","",""
"Bearcover","Robot for nursing home routine checks.","https://www.bearcover.de/","https://www.linkedin.com/company/bearcover/","Healthcare","Robot or automated system","No","Mobile robot – Wheeled – Indoor","","","","",""
"Bedrock Ocean Exploration","Autonomous underwater vehicles.","https://www.bedrockocean.com/","https://www.linkedin.com/company/bedrockocean/","Marine","Robot or automated system","No","Underwater drone","","","","",""
"Berkshire Grey","Warehouse robots.","https://www.berkshiregrey.com/","https://www.linkedin.com/company/berkshire-grey/","Warehousing and storage","Robot or automated system","No","Hybrid robotic system,Mobile robot – Wheeled – Indoor,Robotic arm – Articulated","","","","",""
"beRobox","Palletizing robotic arm stations.","https://www.berobox.com/","https://www.linkedin.com/company/justrobox","Material handling","Robot accessory,Robot or automated system","No","Robotic arm – Articulated","","","","",""
"BIA5","Robots for safety and defense.","https://bia5.com/","https://www.linkedin.com/company/bia5-pty-ltd/","Defense,Safety","Robot or automated system","No","Mobile manipulator,Mobile robot – Tracked","","","","",""
"Bloomfield","Cameras and software for crop health inspection.","https://bloomfield.ai/","https://www.linkedin.com/company/bloomfield-ai/","Agriculture and farming","Robot or automated system","No","Automated system – Other","","","","",""
"Blue Ocean Robotics","Mobile robots (not related to ocean exploration)","https://www.blue-ocean-robotics.com/","https://www.linkedin.com/company/blue-ocean-robotics/","Healthcare","Robot or automated system","No","Mobile robot – Wheeled – Indoor","","","","",""
"Blue River Technology","Smart sprayers for farming.","https://www.bluerivertechnology.com/","https://www.linkedin.com/company/bluerivertech/","Agriculture and farming","Robot or automated system","No","Automated system – Other,Hybrid robotic system","","","","",""
"Bluewhite","Autonomous tractor.","https://www.bluewhite.ai/","https://www.linkedin.com/company/bluewhite/","Agriculture and farming","Autonomous control system","No","Automation retrofit","","","","",""
"Boardwalk Robotics","Humanoid robot.","https://www.boardwalkrobotics.com/","https://www.linkedin.com/company/boardwalk-robotics/","General-purpose robotics","Robot or automated system","No","Humanoid robot","","","","",""
"Bonsai Robotics","Agricultural preception.","https://www.bonsairobotics.ai/","https://www.linkedin.com/company/bonsai-robotics/","Agriculture and farming","Autonomous control system","No","Automation retrofit","","","","",""
"Boston Dynamics","Needs no introduction.","https://bostondynamics.com/","https://www.linkedin.com/company/boston-dynamics/","Defense,General-purpose robotics,Warehousing and storage","Robot or automated system","No","Bipedal robot – Wheeled,Humanoid robot,Mobile manipulator,Quadrupedal robot,Robotic arm – Articulated","","","","",""
"BotBuilt","Robot-powered prefab construction.","https://botbuilt.com/","https://www.linkedin.com/company/botbuilt/","Construction","Robot-powered service","No","Robotic arm – Articulated","","","","",""
"Botronics","Golf trolley autonomously following the player.","https://otto-project.golf/","https://www.linkedin.com/company/botronics/","Sports","Robot or automated system","No","Mobile robot – Wheeled – Off-road","","","","",""
"Botsync","Autonomous mobile robots for material movement.","https://www.botsync.co/","https://www.linkedin.com/company/botsync/","Manufacturing,Warehousing and storage","Robot or automated system","No","Mobile robot – Wheeled – Indoor","","","","",""
"Boxbot","Automated storage system.","https://www.boxbot.io/","https://www.linkedin.com/company/box-bot/","Warehousing and storage","Robot or automated system","No","Modular or standardized storage and retrieval system","","","","",""
"Bright Machines","Modular machines for electronics manufacturing.","https://www.brightmachines.com/","https://www.linkedin.com/company/bright-machines/","Manufacturing","Robot or automated system","No","Automated micro-factory,Automated system – Other","","","","",""
"Brightpick","Warehouse storage system and robots for picking and indoor delivery.","https://brightpick.ai/","https://www.linkedin.com/company/brightpick/","Warehousing and storage","Robot or automated system","No","Mobile manipulator,Mobile robot – Wheeled – Indoor,Robotic arm – SCARA","","","","",""
"Bucket Robotics","Computer vision models for manufacturing.","https://bucket.bot/","https://www.linkedin.com/company/bucketrobotics/","Manufacturing","Software","No","","","","","",""
"Built Robotics","Robotic pile installers.","https://www.builtrobotics.com/","https://www.linkedin.com/company/builtrobotics/","Construction,Renewable energy","Autonomous control system","No","Automation retrofit","","","","",""
"Calvary Robotics","Design, build, and development of custom turnkey automation solutions, robotics platforms, and material handling systems.","https://calvaryrobotics.com/","https://www.linkedin.com/company/calvary-automation-systems/","Manufacturing","On-demand robotics or automation development","No","","","","","",""
"Camerabotics","Motion control robots and software for cameras.","https://camerabotics.com/","https://www.linkedin.com/company/camerabotics/","Film","Robot or automated system,Software","No","Robotic arm – Articulated","","","","",""
"Canvas","Robots for drywall.","https://www.canvas.build/","https://www.linkedin.com/company/we-are-canvas/","Construction","Robot or automated system","No","Mobile manipulator,Mobile robot – Wheeled – Indoor,Robotic arm – Articulated","","","","",""
"Capra Robotics","Autonomous mobile platforms.","https://capra.ooo/","https://www.linkedin.com/company/caprarobotics/","Cleaning,Delivery,Inspection,Material handling,Robotics development","Robot or automated system","Yes","Mobile robot – Wheeled – Off-road","","","","",""
"CapSen Robotics","3D vision and motion planning software.","https://www.capsenrobotics.com/","https://www.linkedin.com/company/capsen-robotics/","Robotic controls,Robotics development","Software","Yes","","","","","",""
"Carbon Origins Inc.","Remote and autonomous control for heavy equipment.","https://www.carbonorigins.com/","https://www.linkedin.com/company/carbon-origins/","Construction,Mining","Autonomous control system","No","Automation retrofit","","","","",""
"Carbon Robotics","Laser weeder robots.","https://carbonrobotics.com/","https://www.linkedin.com/company/carbonrobotics/","Agriculture and farming","Robot or automated system","No","Automated system – Other","","","","",""
"Carnegie Robotics","Cameras, computers for autonomous movement.","https://www.carnegierobotics.com/","https://www.linkedin.com/company/carnegie-robotics/","Robotics development","Autonomous control system,Hardware component","No","Automation retrofit","","","","",""
"Charge Robotics","Robot-powered solar farm construction.","https://chargerobotics.com/","https://www.linkedin.com/company/charge-robotics/","Renewable energy","Robot or automated system","No","Automated system – Other,Hybrid robotic system,Robotic arm – Articulated","","","","",""
"Chef Robotics","Robots and robotic-powered services for food assembly.","http://chefrobotics.ai/","https://www.linkedin.com/company/chef-robotics/","Food","Robot as a service,Robot or automated system","No","Hybrid robotic system,Robotic arm – Articulated","","","","",""
"Civ Robotics","Mobile robots for construction layouting.","https://www.civrobotics.com/","https://www.linkedin.com/company/civrobotics/","Construction","Robot or automated system","No","Mobile robot – Wheeled – Off-road","","","","",""
"Clearpath Robotics by Rockwell Automation","Autonomous robots, indoor, outdoor, off-road.","https://clearpathrobotics.com/","https://www.linkedin.com/company/clearpath-robotics/","General-purpose robotics","Hardware component,Robot or automated system","Yes","Mobile robot – Wheeled – Indoor,Mobile robot – Wheeled – Off-road,Mobile robot – Wheeled – Outdoor","","","","",""
"Clevon","Autonomous vehicles for delivery.","https://clevon.com/","https://www.linkedin.com/company/clevon/","Delivery","Robot or automated system","No","Mobile robot – Wheeled – Outdoor","","","","",""
"Coboworx","RaaS for palletizing and machine tending robots.","https://coboworx.com/en/","https://www.linkedin.com/company/coboworx/","Machine tending,Material handling","Robot as a service","No","Robotic arm – Articulated","","","","",""
"Coco","Robot-powered delivery service.","https://www.cocodelivery.com/","https://www.linkedin.com/company/cocodelivery/","Delivery","Robot-powered service","No","Mobile robot – Wheeled – Outdoor","","","","",""
"Cohesive Robotics","Autonomous robots for material removal and finishing.","https://www.cohesiverobotics.com/","https://www.linkedin.com/company/cohesive-robotics/","Manufacturing","Robot or automated system","No","Robotic arm – Articulated","","","","",""
"Collaborative Robotics","General-purpose collaborative robots.","https://www.co.bot/","https://www.linkedin.com/company/co-bot/","General-purpose robotics","Robot or automated system","No","","","","","",""
"Contoro Robotics","Container unloading robot.","https://www.contoro.com/","https://www.linkedin.com/company/contoro-inc/","Warehousing and storage","Robot or automated system","No","Hybrid robotic system,Robotic arm – Articulated","","","","",""
"Copper Robotics","Rust-first robotic development framework and runtime.","https://www.copper-robotics.com/","https://www.linkedin.com/company/copper-robotics/","Robotics development","Software","Yes","","","","","",""
"Cosmic Robotics","Autonomous robots for solar farm construction.","https://www.cosmicrobotics.com/","https://www.linkedin.com/company/cosmic-robotics/","Solar","Robot or automated system","No","Mobile manipulator,Mobile robot – Wheeled – Off-road,Robotic arm – Articulated","","","","",""
"Covariant","Develops AI to give robots the ability to see, reason and act on the world around them.","https://covariant.ai/","https://www.linkedin.com/company/covariant-ai/","Warehousing and storage","Software","No","","","","","",""
"Cuby","Mobile automated microfactories for prefab construction.","https://www.cubytechnologies.com/","https://www.linkedin.com/company/buildwithcuby/","Construction","Robot or automated system","No","Automated micro-factory","","","","",""
"Custos Robotics ApS","Consultancy that converts Capra robots for defense and security use cases.","https://www.custos.ooo/","https://www.linkedin.com/company/custos-robotics/","Defense,Security","On-demand robotics or automation development","No","","","","","",""
"Delivers.ai","Delivery robots as a service.","https://delivers.ai/","https://www.linkedin.com/company/delivers-ai/","Delivery","Robot as a service","No","Mobile robot – Wheeled – Outdoor","","","","",""
"Devanthro","Humanoid avatars.","https://www.devanthro.com/","https://www.linkedin.com/company/robodies/","General-purpose robotics","Robot or automated system","No","Humanoid robot","","","","",""
"Dexory","Autonomous warehouse state tracker.","https://www.dexory.com/","https://www.linkedin.com/company/dexory/","Warehousing and storage","Robot or automated system","Yes","Mobile robot – Wheeled – Indoor","","","","",""
"Dexterity, Inc.","Robots for material-handling that can pick, move, pack, and collaborate.","https://www.dexterity.ai/","https://www.linkedin.com/company/dexterityinc/","Warehousing and storage","Robot or automated system","No","Mobile manipulator,Mobile robot – Wheeled – Indoor,Robotic arm – Articulated","","","","",""
"Diligent Robotics","Medical robots that deliver things in hospitals.","https://www.diligentrobots.com/","https://www.linkedin.com/company/diligent-robotics/","Healthcare","Robot or automated system","Yes","Mobile manipulator,Mobile robot – Wheeled – Indoor,Robotic arm – Articulated","","","","",""
"dolaGon","System for off-road autonomy of utility vehicles.","https://www.dolagon.com/","https://www.linkedin.com/company/dolagon/","Automotive,Robotics development","Autonomous control system","No","Automation retrofit","","","","",""
"DroneDeploy","Software to manage drone-powered aerial mapping.","https://www.dronedeploy.com/","https://www.linkedin.com/company/dronedeploy/","Robotics management","Software","No","","","","","",""
"Duality AI","Digital twin simulation platform for robotics.","https://www.duality.ai/","https://www.linkedin.com/company/dualityai/","Robotics development","Software","No","","","","","",""
"Dusty Robotics","Construction layout robot.","https://www.dustyrobotics.com/","https://www.linkedin.com/company/dusty-robotics/","Construction","Robot or automated system","No","Mobile robot – Wheeled – Indoor","","","","",""
"DZYNE Technologies","Defense products, including UAVs.","https://dzyne.com/","https://www.linkedin.com/company/dzyne-technologies/","Defense","Robot or automated system","No","Aerial drone – Fixed-wing","","","","",""
"Electric Sheep","Autonomous lawnmowers.","https://sheeprobotics.ai/","https://www.linkedin.com/company/electric-sheep-robotics/","Landscaping","Robot or automated system","No","Mobile robot – Wheeled – Off-road","","","","",""
"Elementary","AI powered visual inspection and defect tracking.","https://www.elementaryml.com/","https://www.linkedin.com/company/elementary-ml/","Manufacturing","Hardware component,Software","No","","","","","",""
"Elroy Air","Autonomous VTOL delivery drones.","https://elroyair.com/","https://www.linkedin.com/company/elroy-air/","Delivery,Transportation of goods","Robot or automated system","No","Aerial drone – VTOL","","","","",""
"Ember Robotics","Camera diagnostic tools for robots.","https://emberrobotics.com/","https://www.linkedin.com/company/ember-robotics/","Robotics development,Robotics management","Software","No","","","","","",""
"Enchanted Tools","Humanoid robots with a heavy focus on robot’s expressions.","https://enchanted.tools/","https://www.linkedin.com/company/enchantedtools/","General-purpose robotics","Robot or automated system","Yes","Humanoid robot – Mobile platform","","","","",""
"Energy Robotics","Software for inspection robots.","https://www.energy-robotics.com/","https://www.linkedin.com/company/energy-robotics/","Inspection","Software","No","","","","","",""
"Et Cetera Robotics","Software for robotic visual perception.","https://www.etcrobotics.com/","https://www.linkedin.com/company/et-cetera-robotics/","Robotic controls,Robotics development","Software","No","","","","","",""
"Eureka Robotics","Hardware components for high accuracy automation.","https://eurekarobotics.com/","https://www.linkedin.com/company/eurekarobotics/","Robotics development","Hardware component","No","","","","","",""
"Exodigo","Drone-powered subsurface imaging.","https://www.exodigo.com/","https://www.linkedin.com/company/exodigo/","Civil engineering,Energy,Infrastructure,Inspection","Robot-powered service","No","","","","","",""
"Exotec","Warehouse storage system and robots.","https://www.exotec.com/","https://www.linkedin.com/company/exotec/","Warehousing and storage","Robot or automated system","Yes","Climbing robot,Hybrid robotic system,Mobile robot – Wheeled – Indoor,Modular or standardized storage and retrieval system","","","","",""
"Eye-bot","Drone-powered surveying.","https://eye-bot.com/","https://www.linkedin.com/company/eye-bot-aerial-solutions/","Inspection","Robot-powered service","No","","","","","",""
"Fabric","Autonomous warehouse storage and retrieval system.","https://getfabric.com/","https://www.linkedin.com/company/fabriclogistics/","Warehousing and storage","Robot or automated system","No","Hybrid robotic system,Mobile robot – Wheeled – Indoor,Modular or standardized storage and retrieval system","","","","",""
"Farm-ng","Autonomous chassis for farming applications.","https://farm-ng.com/","https://www.linkedin.com/company/farm-ng/","Agriculture and farming","Robot or automated system","No","Mobile robot – Wheeled – Off-road","","","","",""
"FarmWise","Autonomous weeding.","https://farmwiselabs.com/","https://www.linkedin.com/company/farmwise/","Agriculture and farming","Robot or automated system","No","Automated system – Other","","","","",""
"Field AI","Foundation models for robots to understand unstructured settings.","https://fieldai.com/","https://www.linkedin.com/company/fieldai/","Robotic controls,Robotics development","Software","Yes","","","","","",""
"Figure","General-purpose humanoid robot.","https://www.figure.ai/","https://www.linkedin.com/company/figure-ai/","General-purpose robotics","Robot or automated system","No","Humanoid robot","","","","",""
"Firestorm","Defense drones.","https://www.launchfirestorm.com/","https://www.linkedin.com/company/firestorm-labs/","Defense","Robot or automated system","No","Aerial drone – Fixed-wing","","","","",""
"Flexiv Robotics","Robotic arms and other manipulators.","https://flexiv.com/","https://www.linkedin.com/company/flexiv-robotics/","Healthcare,Manufacturing,Product testing,Research","Hardware component,Robot or automated system","Yes","Parallel manipulator,Robotic arm – Articulated","","","","",""
"Floating Robotics","Harvesting and de-leafing robots.","https://www.floatingrobotics.com/","https://www.linkedin.com/company/floating-robotics/","Agriculture and farming","Robot or automated system","Yes","Mobile manipulator,Mobile robot – Wheeled – Indoor,Robotic arm – Articulated","","","","",""
"Flyby Robotics","Autonomous drones optimized for ML applications.","https://www.flybydev.com/","https://www.linkedin.com/company/flyby-robotics/","Robotics development","Robot or automated system","Yes","Aerial drone – Multirotor","","","","",""
"ForceN"," Made-to-measure force-moment sensing.","https://www.forcen.tech/","https://www.linkedin.com/company/forcen/","Robotics development","On-demand hardware component development","No","","","","","",""
"Formant","Data platform for robotics companies.","https://formant.io/","https://www.linkedin.com/company/formantinc/","Robotics development,Robotics management","Software as a service","No","","","","","",""
"Formic","RaaS for material handling.","https://formic.co/","https://www.linkedin.com/company/formic-technologies/","Material handling,Packaging","Robot as a service","No","Robotic arm – Articulated","","","","",""
"Formic Transportsystem","Mobile platforms for swarm transportation of heavy objects.","https://formic-transportsystem.com/en/elementor-561/","https://www.linkedin.com/company/formic-transportsystem/","Material handling,Transportation","Robot or automated system","Yes","Mobile robot – Wheeled – Indoor,Mobile robot – Wheeled – Outdoor","","","","",""
"Fort","Controllers for robots.","https://www.fortrobotics.com/","https://www.linkedin.com/company/fort-robotics/","Robotics development","Hardware component","No","","","","","",""
"Fortem Technologies","","https://fortemtech.com/","https://www.linkedin.com/company/fortem-technologies/","Defense,Robotics development,Security","Hardware component,Robot accessory,Robot or automated system","Yes","Aerial drone – Multirotor","","","","",""
"Forterra","Autonomous system for ground-based movement.","https://www.forterra.com/","https://www.linkedin.com/company/forterra-autonomy/","Defense,Transportation of goods,Trucking","Autonomous control system","No","Automation retrofit","","","","",""
"Four Growers, Inc.","Harvesting robots.","https://fourgrowers.com/","https://www.linkedin.com/company/four-growers-inc/","Agriculture and farming","Robot or automated system","No","Mobile manipulator,Mobile robot – Wheeled – Indoor,Robotic arm – Articulated","","","","",""
"Fourier Intelligence","Humanoids and exoskeletons.","https://fourierintelligence.com/","https://www.linkedin.com/showcase/fourier-rehab/","General-purpose robotics,Healthcare","Human augmentation device,Robot or automated system","No","Humanoid robot","","","","",""
"Fox Robotics","Autonomous forklift.","https://foxrobotics.com/","https://www.linkedin.com/company/foxbots/","Warehousing and storage","Autonomous control system","No","Automation retrofit","","","","",""
"Foxglove","Visualization and observability for robotics developers.","https://foxglove.dev/","https://www.linkedin.com/company/foxglovedev/","Robotics development,Robotics management","Software as a service","No","","","","","",""
"Franka Robotics","Robotic arms.","https://franka.de/","https://www.linkedin.com/company/frankarobotics/","General-purpose robotics,Manufacturing,Research","Robot or automated system","No","Robotic arm – Articulated","","","","",""
"Fulfil","Modular food storage and packing system.","https://www.fulfil.com/","https://www.linkedin.com/company/fulfil-automation/","Food,Warehousing and storage","Robot or automated system","No","Automated system – Other,Hybrid robotic system,Mobile robot – Wheeled – Indoor,Modular or standardized storage and retrieval system","","","","",""
"Gather","Tool to transport crops between picker and packer.","https://www.gather.ag/","","Agriculture and farming","Robot or automated system","No","","","","","",""
"Gather AI","Drone-powered inventory monitoring.","https://www.gather.ai/","https://www.linkedin.com/company/gather-ai/","Warehousing and storage","Robot as a service,Software","No","","","","","",""
"Gecko Robotics","Inspection robots that can get to hard-to-reach spaces.","https://www.geckorobotics.com/","https://www.linkedin.com/company/gecko-robotics/","Defense,Inspection,Marine","Robot or automated system","No","Climbing robot","","","","",""
"Geisel Software","Agency for custom robotics, IOT, automation solutions.","https://geisel.software/","https://www.linkedin.com/company/geiselsoftware/","Agriculture and farming,Defense,Healthcare,Robotics development,Safety,Space","On-demand robotics or automation development","No","","","","","",""
"Genba Robotics","Engineering services for industrial processes automation.","https://genba.uy/en/home","https://www.linkedin.com/company/genbarobotics/","Manufacturing","On-demand robotics or automation development","No","","","","","",""
"Ghost Robotics","Defense robots, robotic dog.","https://www.ghostrobotics.io/","https://www.linkedin.com/company/ghostrobotics/","Defense","Robot or automated system","No","Quadrupedal robot","","","","",""
"GITAI","Robots and rovers for space.","https://gitai.tech/","https://www.linkedin.com/company/gitai/","Space","Robot or automated system","No","Inchworm robot,Planetary rover","","","","",""
"Glacier","Robotic sorting for recycling.","https://endwaste.io/","https://www.linkedin.com/company/endwaste/","Waste management","Robot or automated system","No","Cartesian robot,Hybrid robotic system","","","","",""
"Gravis Robotics","Automated heavy machinery.","https://gravisrobotics.com/","https://www.linkedin.com/company/gravisrobotics/","Civil engineering,Construction,Earthworks,Mining","Autonomous control system","No","Automation retrofit","","","","",""
"GrayMatter Robotics","Surface finishing and treatment robots.","https://graymatter-robotics.com/","https://www.linkedin.com/company/graymatter-robotics/","Automotive,Aviation,Manufacturing,Marine","Robot or automated system","No","Mobile robot – Railed,Robotic arm – Articulated","","","","",""
"Graze Robotics","Mowing robot for large-scale spaces.","https://www.grazemowing.com/","https://www.linkedin.com/company/graze-mowing/","Landscaping","Robot or automated system","No","Mobile robot – Wheeled – Off-road","","","","",""
"Gridstore Robotics GmbH","Modular robotic-powered storage system.","https://www.gridstore.com/en/","https://www.linkedin.com/company/gridstore-robotics/","Warehousing and storage","Robot or automated system","No","Modular or standardized storage and retrieval system","","","","",""
"Groundlight AI","Computer vision for robotics.","https://www.groundlight.ai/","https://www.linkedin.com/company/groundlight-ai/","Robotics development","Software","Yes","","","","","",""
"HAL Robotics","Nocode robot programming.","https://hal-robotics.com/","https://www.linkedin.com/company/hal-robotics-ltd/","Robotic controls,Robotics development","Software","No","","","","","",""
"Haply Robotics","Haptic 3D controller.","https://www.haply.co/","https://www.linkedin.com/company/haplyrobotics/","Research,Robotic controls","Hardware component","No","","","","","",""
"Harmonic Bionics, Inc.","Exoskeletons.","https://harmonicbionics.com/","https://www.linkedin.com/company/harmonic-bionics-inc/","Healthcare","Robot or automated system","No","Automated system – Other","","","","",""
"Harvest Automation","Robots for arranging planters.","https://www.public.harvestai.com/","https://www.linkedin.com/company/harvest-automation-inc./","Agriculture and farming","Robot or automated system","Yes","Mobile robot – Wheeled – Outdoor","","","","",""
"HavocAI","Autonomous water drones for defense.","https://www.havocai.com/","https://www.linkedin.com/company/havocai/","Defense","Robot or automated system","No","Surface water drone","","","","",""
"HEBI Robotics","Modular robotics components.","https://www.hebirobotics.com/","https://www.linkedin.com/company/hebi-robotics/","Robotics development","Hardware component","No","","","","","",""
"Hellbender","Custom component development for robotics.","https://www.hellbender.com/","https://www.linkedin.com/company/hellbender-inc/","Robotics development","Hardware component,On-demand hardware component development","Yes","","","","","",""
"Hello Robot Inc","Mobile manipulator.","https://hello-robot.com/","https://www.linkedin.com/company/hello-robot-inc/","General-purpose robotics","Robot or automated system","Yes","Mobile manipulator,Mobile robot – Wheeled – Indoor,Robotic arm – Cartesian","","","","",""
"Helm.ai","Computer vision for mobility.","https://www.helm.ai/","https://www.linkedin.com/company/helm.ai/","Automotive","Software","Yes","","","","","",""
"Hextronics","Drone nests.","https://hextronics.com/","https://www.linkedin.com/company/hextronics/","Robotics management","Robot accessory","No","","","","","",""
"Hoverfly Technologies","Tethered drones for defense.","https://hoverflytech.com/","https://www.linkedin.com/company/hoverfly/","Defense,Security","Robot or automated system","No","Aerial drone – Multirotor","","","","",""
"Hullbot","Robotic ship hull cleaning.","https://www.hullbot.com/","https://www.linkedin.com/company/hullbot/","Marine","Robot or automated system","No","Underwater drone","","","","",""
"Humotech","Robotic prosthetics and exoskeletons.","https://humotech.com/","https://www.linkedin.com/company/human-motion-technologies-llc/","Healthcare","Human augmentation device","No","","","","","",""
"Husarion","ROS2-powered mobile platforms.","https://husarion.com/","https://www.linkedin.com/company/husarion/","Robotics development","Robot or automated system","Yes","Mobile robot – Wheeled – Outdoor","","","","",""
"Identified Technologies","Drone powered mapping and measuring service service.","https://www.identifiedtech.com/","https://www.linkedin.com/company/identified-technologies/","Construction,Earthworks,Mining,Oil and Gas","Robot-powered service","No","","","","","",""
"InDro Robotics","Drone and ground-based robotic solutions, training, consulting, and R&D for autonomous systems.","https://indrorobotics.ca/","https://www.linkedin.com/company/indro-robotics/","Inspection,Research","On-demand robotics or automation development,Robot-powered service","No","Humanoid robot,Mobile robot – Tracked,Mobile robot – Wheeled – Indoor,Mobile robot – Wheeled – Off-road,Mobile robot – Wheeled – Outdoor,Quadrupedal robot","","","","",""
"Industrial Next","Cameras with computer vision and software for manufacturing automation.","https://industrialnext.ai/en","https://www.linkedin.com/company/industrial-next/","Automotive,Manufacturing","Hardware component,Software","No","","","","","",""
"Industrial Robotics Company","Robotic solutions for woodworking with no-code setup.","https://industrialrobotics.lt/","https://www.linkedin.com/company/industrial-robotics-company/","Manufacturing","Robot or automated system","No","Robotic arm – Articulated","","","","",""
"Innok Robotics","Autonomous mobile robots for various applications.","https://www.innok-robotics.de/en/","https://www.linkedin.com/company/innok-robotics/","General-purpose robotics,Inspection,Landscaping,Robotics development","Autonomous control system,Robot or automated system","Yes","Mobile manipulator,Mobile robot – Tracked,Mobile robot – Wheeled – Off-road,Mobile robot – Wheeled – Outdoor,Robotic arm – Articulated","","","","",""
"Instock.com","Modular automated storage system as a service.","https://instock.com/en/","https://www.linkedin.com/company/instockcom/","Warehousing and storage","Robot as a service","No","Climbing robot,Mobile robot – Wheeled – Indoor,Modular or standardized storage and retrieval system","","","","",""
"Intrinsic","No-code software for programming robots.","https://www.intrinsic.ai/","https://www.linkedin.com/company/intrinsic/","Robotics development,Robotics management","Software","No","","","","","",""
"Invio Automation","","https://www.invioautomation.com/","https://www.linkedin.com/company/invioautomation/","Life sciences,Manufacturing,Pharma,Warehousing and storage","On-demand robotics or automation development","No","","","","","",""
"Jacobi Robotics","Robotic control simplified.","https://jacobirobotics.com/","https://www.linkedin.com/company/jacobi-robotics/","Material handling,Robotic controls,Robotics management","Software,Software as a service","No","","","","","",""
"K-Scale Labs","Open-source software for robotic intelligence and open-source humanoid robot.","https://kscale.dev/","https://www.linkedin.com/company/kscale/","General-purpose robotics","Robot or automated system,Software","No","Humanoid robot","","","","",""
"KABAM Robotics","Mobile security robots and software for robot control.","https://kabam.ai/","https://www.linkedin.com/company/kabam-robotics/","Robotics management,Security","Robot or automated system,Software","No","Mobile robot – Wheeled – Indoor,Mobile robot – Wheeled – Outdoor","","","","",""
"KAIKAKU","Robots for food assembly.","https://www.kaikaku.ai/","https://www.linkedin.com/company/kaikaku-ai/","Food","Robot or automated system,Robot-powered service","No","Automated system – Other","","","","",""
"Karelics","Software for robot fleet management.","https://karelics.fi/","https://www.linkedin.com/company/karelics/","Robotics management","Robot as a service,Software","No","Mobile robot – Wheeled – Indoor,Mobile robot – Wheeled – Outdoor","","","","",""
"KEF Robotics","Visual autonomy for aircraft.","https://www.kefrobotics.com/","https://www.linkedin.com/company/kefrobotics/","Aviation,Defense","Software","No","","","","","",""
"Kepler Exploration Robotics","Humanoid robot.","https://www.gotokepler.com/home","https://www.linkedin.com/company/kepler-exploration-robotics/","General-purpose robotics","Robot or automated system","No","Humanoid robot","","","","",""
"Keybotic","Autonomous robot dogs for industrial inspections.","http://www.keybotic.com/","https://www.linkedin.com/company/keybotic/","Inspection,Research","Robot or automated system","No","Quadrupedal robot","","","","",""
"Kind Humanoid","General-purpose humanoid robots.","https://www.kindhumanoid.com/","https://www.linkedin.com/company/kind-humanoid/","General-purpose robotics","Robot or automated system","No","Humanoid robot","","","","",""
"Kognic","Sensor fusion for autonomous driving.","https://www.kognic.com/","https://www.linkedin.com/company/kognic/","Automotive,Manufacturing,Robotics development","Software","No","","","","","",""
"Kyber Labs","Robotic torso and arms for assembly.","https://kyberlabs.ai/","https://www.linkedin.com/company/kyber-labs/","General-purpose robotics,Manufacturing","Robot or automated system","No","","","","","",""
"Latitude AI","Automated driving technologies.","https://lat.ai/","https://www.linkedin.com/company/latitudeai/","Automotive","Autonomous control system","No","","","","","",""
"Launchpad.build","Machines for automated manufacturing.","https://www.launchpad.build/","https://www.linkedin.com/company/launchpadbuild/","Manufacturing","Robot or automated system","No","Automated system – Other","","","","",""
"Leaficient","AI powered lighting control for indoor farms.","https://www.leaficient.com/","https://www.linkedin.com/company/leaficient/","Agriculture and farming","Robot or automated system","No","Automated system – Other","","","","",""
"LEVA Robotics","All-terrain, autonomous legged robot.","https://leva.ethz.ch/","https://www.linkedin.com/company/leva-robotics/","Delivery,Material handling,Transportation of goods","Robot or automated system","Yes","Quadrupedal robot – Wheeled","","","","",""
"LimX Dynamics","Humanoid, wheeled quadruped and biped robots.","https://www.limxdynamics.com/en","https://www.linkedin.com/company/limx-dynamics/","General-purpose robotics","Robot or automated system","No","Bipedal robot,Humanoid robot,Quadrupedal robot,Quadrupedal robot – Wheeled","","","","",""
"LionsBot International","Autonomous robots for commercial cleaning.","https://www.lionsbot.com/","https://www.linkedin.com/company/lionsbot/","Cleaning","Robot or automated system","No","Mobile robot – Wheeled – Indoor","","","","",""
"Liquid Robotics","Maritime robots.","https://www.liquid-robotics.com/","https://www.linkedin.com/company/liquid-robotics/","Marine","Robot or automated system","No","Surface water drone","","","","",""
"Litmus","Industrial DataOps.","https://litmus.io/","https://www.linkedin.com/company/litmus-automation/","Manufacturing","Software,Software as a service","No","","","","","",""
"Locus Robotics","Warehouse robots.","https://locusrobotics.com/","https://www.linkedin.com/company/locus-robotics/","Healthcare,Manufacturing,Warehousing and storage","Robot or automated system","Yes","Mobile robot – Wheeled – Indoor","","","","",""
"Lumina","Electric autonomous construction equipment.","https://luminatech.co/","https://www.linkedin.com/company/luminatechnologiesinc/","Construction","Robot or automated system","No","","","","","",""
"Luminous","Robotic fleets for solar farm construction.","https://www.luminous.solar/","https://www.linkedin.com/company/luminous-robotics/","Construction,Energy,Solar","Robot-powered service","No","Mobile manipulator,Mobile robot – Wheeled – Off-road,Robotic arm – Articulated","","","","",""
"Lunar Outpost","Rovers for space exploration.","https://www.lunaroutpost.com/","https://www.linkedin.com/company/lunaroutpost/","Space","Robot or automated system","No","Planetary rover","","","","",""
"Machina Labs","Robots that bend sheetmetal.","https://machinalabs.ai/","https://www.linkedin.com/company/machina-labs/","Manufacturing","Robot or automated system,Robot-powered service","No","Robotic arm – Articulated","","","","",""
"Main Street Autonomy","Robot calibration software.","https://mainstreetautonomy.com/","https://www.linkedin.com/company/mainstreetautonomy/","Robotics development,Robotics management","Software,Software as a service","Yes","","","","","",""
"Manifold Robotics","Electromagnetic sensor for drones doing powerline inspection. Computer vision software.","https://www.manifoldrobotics.com/","https://www.linkedin.com/company/manifold-robotics/","Inspection","Hardware component,Software","No","","","","","",""
"Manna Drone Delivery","Drones for delivery.","https://www.manna.aero/","https://www.linkedin.com/company/mannaaero/","Delivery","Robot-powered service","No","Aerial drone – Multirotor","","","","",""
"Mapless AI","Remote driving system.","https://mapless.ai/","https://www.linkedin.com/company/mapless/","Automotive","Robot or automated system","No","Automation retrofit","","","","",""
"Matic Robots","Home mopping and vacuuming robot.","https://maticrobots.com/","https://www.linkedin.com/company/maticrobots/","Cleaning","Robot or automated system","No","Mobile robot – Wheeled – Indoor","","","","",""
"Mecademic","Robotic arms","https://www.mecademic.com/","https://www.linkedin.com/company/mecademic/","General-purpose robotics","Robot or automated system","Yes","Robotic arm – Articulated,Robotic arm – SCARA","","","","",""
"Mech-Mind Robotics","Sensors and software for robots.","https://www.mech-mind.com/","https://www.linkedin.com/company/mechmindrobotics/","Robotic controls,Robotics development","Hardware component,Software","Yes","","","","","",""
"Medra","Robots for life sciences labwork.","https://www.medra.ai/","https://www.linkedin.com/company/medra-ai/","Life sciences,Research","Robot or automated system","No","","","","","",""
"Merlin","Fully autonomous flight software for airplanes.","https://www.merlinlabs.com/","https://www.linkedin.com/company/merlinlabs/","Aviation","Autonomous control system","No","","","","","",""
"Micropsi Industries","AI-powered computer vision for robots","https://www.micropsi-industries.com/","https://www.linkedin.com/company/micropsi-industries/","Robotics development","Software","Yes","","","","","",""
"mimic","Foundational AI model for dexterous robotic manipulation, and robotic hand hardware.","https://www.mimicrobotics.com/","https://www.linkedin.com/company/mimicrobotics/","Robotic controls,Robotics development","Hardware component,Software","Yes","","","","","",""
"Minus Zero","Foundational models for autonomous driving.","https://www.minuszero.ai/","https://www.linkedin.com/company/minuszero/","Automotive","Software","No","","","","","",""
"Miru","Deployment and monitoring stack for robotics.","https://www.miruml.com/","https://www.linkedin.com/company/miruml/","Robotics development,Robotics management","Software as a service","Yes","","","","","",""
"Mission Control","Software for remote asset control.","https://missioncontrolspace.com/","https://www.linkedin.com/company/mission-control-space-services/","Robotic controls,Robotics management,Space","Software","No","","","","","",""
"Mobile Industrial Robots","Mobile robots, forklifts and robotic arms.","https://mobile-industrial-robots.com/","https://www.linkedin.com/company/mobile-industrial-robots-aps/","Manufacturing,Warehousing and storage","Robot or automated system","Yes","Mobile manipulator,Mobile robot – Wheeled – Indoor","","","","",""
"Model-Prime","Data platform for robotics.","https://www.model-prime.com/","https://www.linkedin.com/company/modelprime/","Robotics development,Robotics management","Software,Software as a service","Yes","","","","","",""
"moss","Sensors and software for crop digitizing.","https://www.moss.ag/","https://www.linkedin.com/company/moss-ag/","Agriculture and farming","Robot or automated system","No","Automated system – Other","","","","",""
"Motional","Sensor-software suite for autonomous driving.","https://motional.com/","https://www.linkedin.com/company/motionaldrive/","Delivery,Transportation","Autonomous control system,On-demand robotics or automation development","No","Automation retrofit","","","","",""
"Multiply Labs","Robots for cell therapy manufacturing.","https://multiplylabs.com/","https://www.linkedin.com/company/multiply-labs/","Healthcare,Manufacturing,Pharma","Robot or automated system","No","Automated system – Other","","","","",""
"Mytra","Warehouse storage system and robots.","https://mytra.ai/","https://www.linkedin.com/company/mytra-ai/","Warehousing and storage","Robot or automated system","No","Modular or standardized storage and retrieval system","","","","",""
"Naio Technologies","","http://naio-technologies.com/","https://www.linkedin.com/company/na-o-technologies/","Agriculture and farming","Robot or automated system","No","Mobile robot – Wheeled – Off-road","","","","",""
"National Robotics Engineering Center","Develops custom robotic technologies from concept to commercialization.","https://www.nrec.ri.cmu.edu/index.html","https://www.linkedin.com/company/national-robotics-engineering-center-nrec/","Research,Robotics development","On-demand robotics or automation development","No","","","","","",""
"Native Robotics","No-code programming for palletizing robots.","https://native-robotics.com/","https://www.linkedin.com/company/native-robotics/","Material handling","Software","No","","","","","",""
"Nauticus Robotics, Inc.","Autonomous underwater drones.","https://nauticusrobotics.com/","https://www.linkedin.com/company/nauticus-robotics-inc/","Marine","Hardware component,Robot as a service,Robot or automated system","No","Surface water drone,Underwater drone","","","","",""
"NAVER LABS Corp.","Various robotic platforms.","https://www.naverlabs.com/","https://www.linkedin.com/company/naverlabs/","General-purpose robotics","Autonomous control system,Robot or automated system","No","Humanoid robot – Mobile platform,Mobile manipulator,Mobile robot – Wheeled – Indoor,Robotic arm – Articulated","","","","",""
"Near Earth Autonomy","Custom aerial autonomy solutions.","https://www.nearearth.aero/","https://www.linkedin.com/company/near-earth-autonomy/","Aviation,Defense","On-demand robotics or automation development","No","","","","","",""
"Neobotix","Mobile robots.","https://www.neobotix-roboter.de/","https://www.linkedin.com/company/neobotix/","General-purpose robotics","Robot or automated system","No","Mobile manipulator,Mobile robot – Wheeled – Indoor,Robotic arm – Articulated","","","","",""
"Neocis","Robot for dentistry","https://www.neocis.com/","https://www.linkedin.com/company/neocis/","Healthcare","Robot or automated system","No","Robotic arm – Articulated","","","","",""
"Neros Technologies","Autonomous defense robots.","https://www.neros.tech/","https://www.linkedin.com/company/neros-tech/","Defense","Robot or automated system","No","","","","","",""
"Neubility","Delivery robots.","https://www.neubility.co.kr/","https://www.linkedin.com/company/neubility/","Delivery","Robot or automated system","No","Mobile robot – Wheeled – Outdoor","","","","",""
"NEURA Robotics","Multi-purpose robots. Robotic arms, mobile platforms.","https://www.neura-robotics.com/","https://www.linkedin.com/company/neura-robotics/","General-purpose robotics","Robot or automated system","Yes","Humanoid robot,Mobile manipulator,Mobile robot – Wheeled – Indoor,Robotic arm – Articulated","","","","",""
"Nextera Robotics","Robot for construction site inspection.","https://nexterarobotics.com/","https://www.linkedin.com/company/nextera-robotics/about/","Construction,Inspection","Robot or automated system","Yes","Mobile robot – Tracked,Mobile robot – Wheeled – Off-road","","","","",""
"Neya Systems","Off-road autonomy software.","https://neyarobotics.com/","https://www.linkedin.com/company/neya-systems/","Civil engineering,Construction,Defense,Earthworks,Mining","Software","No","","","","","",""
"Nimble","Robot-powered logistics.","https://www.nimble.ai/","https://www.linkedin.com/company/nimble-robotics/","Warehousing and storage","Robot-powered service","No","Automated system – Other,Hybrid robotic system,Robotic arm – Articulated","","","","",""
"Nimble One","Unconventionally shaped mobile robot.","https://nimbleone.io/","https://www.linkedin.com/company/nimbleone/","General-purpose robotics,Inspection,Maintenance","Robot or automated system","Yes","Inchworm robot – Wheeled","","","","",""
"Niryo","Collaborative desktop robotic arm and compatible components.","https://niryo.com/","https://www.linkedin.com/company/niryo/","Education,Research","Hardware component,Robot or automated system","No","Robotic arm – Articulated","","","","",""
"NODE Robotics","Software for mobile robot autonomy.","https://node-robotics.com/","https://www.linkedin.com/company/node-robotics/","Robotics development","Software","Yes","","","","","",""
"Nomagic","Packaging and material handling robots","https://nomagic.ai/","https://www.linkedin.com/company/nomagic/","Material handling,Packaging","Robot or automated system","Yes","Automated system – Other,Robotic arm – Articulated","","","","",""
"Nordbo Robotics","","https://nordbo-robotics.com/","https://www.linkedin.com/company/nordbo-robotics/","Manufacturing","Robot or automated system","No","Automated system – Other,Robotic arm – Articulated","","","","",""
"Nuro","Sensors and software for autonomous driving.","https://www.nuro.ai/","https://www.linkedin.com/company/nuro-inc./","Delivery,Transportation of goods,Trucking","Autonomous control system","No","Automation retrofit,Mobile robot – Wheeled – Outdoor","","","","",""
"Ocado Technology","Modular storage system and robotic retrieval.","https://ocadogroup.com/solutions/online-grocery/","https://www.linkedin.com/company/ocado-technology/","Retail,Warehousing and storage","Robot or automated system","No","Hybrid robotic system,Modular or standardized storage and retrieval system,Robotic arm – Articulated","","","","",""
"Okibo","Mobile robots for finishing and painting.","https://okibo.com/","https://www.linkedin.com/company/okibo-ltd/","Construction","Robot or automated system","No","Mobile manipulator,Mobile robot – Wheeled – Indoor,Robotic arm – Articulated","","","","",""
"Olis Robotics","Cameras for industrial robot observation.","https://olisrobotics.com/","https://www.linkedin.com/company/olisrobotics/","Robotics management","Hardware component","No","","","","","",""
"Olive Robotics","ROS-powered modular robotic components.","https://www.olive-robotics.com/","https://www.linkedin.com/company/oliverobotics/","Robotics development","Hardware component","Yes","","","","","",""
"Onward Robotics","Robots and software for warehouse operations.","https://onwardrobotics.com/","https://www.linkedin.com/company/onward-robotics/","Warehousing and storage","Robot or automated system,Software","No","Mobile robot – Wheeled – Indoor","","","","",""
"Opentrons Labworks Inc.","Liquid handling robots for scientists.","https://opentrons.com/","https://www.linkedin.com/company/opentrons-labworks-inc./","Life sciences","Robot or automated system","No","Cartesian robot","","","","",""
"Opteran","Machine vision based on biological processes.","https://opteran.com/","https://www.linkedin.com/company/opteran/","Robotic controls,Robotics development","Software","Yes","","","","","",""
"Orbotix Technologies","Autonomous drones and software for defense.","https://orbotix.tech/","https://www.linkedin.com/company/orbotix/","Defense","Robot or automated system,Software","No","Aerial drone – Fixed-wing,Aerial drone – Multirotor","","","","",""
"OTTO by Rockwell Automation","Autonomous mobile platforms and forklifts.","https://ottomotors.com/","https://www.linkedin.com/company/otto-motors/","Material handling,Warehousing and storage","Robot or automated system","Yes","Mobile robot – Wheeled – Indoor","","","","",""
"OttonomyIO","Robots for automated indoor and outdoor delivery.","http://www.ottonomy.io/","https://www.linkedin.com/company/ottonomyio/","Delivery","Robot or automated system","Yes","Mobile robot – Wheeled – Outdoor","","","","",""
"Ouster","Lidar hardware and software.","https://ouster.com/","https://www.linkedin.com/company/ouster/","Automotive,Robotics development","Hardware component,Software","Yes","","","","","",""
"Outrider","Truck autonomy for warehouse, yard operations.","https://www.outrider.ai/","https://www.linkedin.com/company/outridertech/","Material handling,Transportation of goods,Trucking,Yard operations","Autonomous control system","No","Automation retrofit","","","","",""
"Overland AI","Off-road ground autonomy stack.","https://www.overland.ai/","https://www.linkedin.com/company/overland-ai/","Delivery","Autonomous control system","No","Automation retrofit","","","","",""
"Overview AI","Camera and AI for manufacturing defect detection.","https://overview.ai/","https://www.linkedin.com/company/overview-ai/","Manufacturing","Hardware component","No","","","","","",""
"Oxa","Vehicle and sensor agnostic self-driving software.","https://oxa.tech/","https://www.linkedin.com/company/oxauniversalautonomy/","Automotive,Transportation","Software","No","","","","","",""
"Oxipital AI","AI vision software for inspection and robotics control.","https://www.oxipitalai.com/","https://www.linkedin.com/company/oxipital/","Inspection,Robotic controls,Robotics development","Software","Yes","","","","","",""
"PAL Robotics","","https://pal-robotics.com/","https://www.linkedin.com/company/pal-robotics/","General-purpose robotics","Robot or automated system","No","Bipedal robot,Humanoid robot,Humanoid robot – Mobile platform,Mobile manipulator,Mobile robot – Wheeled – Indoor,Robotic arm – Articulated","","","","",""
"Path Robotics","Robotic welding.","https://www.path-robotics.com/","https://www.linkedin.com/company/path-robotics/","Manufacturing","Robot or automated system","No","Automated system – Other,Robotic arm – Articulated","","","","",""
"PDW","Autonomous defense drones.","https://www.pdw.ai/","https://www.linkedin.com/company/pdw-ai/","Defense","Robot or automated system","No","Aerial drone – Multirotor","","","","",""
"Peer Robotics","Mobile platform.","https://www.peerrobotics.ai/","https://www.linkedin.com/company/peer-robotics/","Warehousing and storage","Robot or automated system","Yes","Mobile robot – Wheeled – Indoor","","","","",""
"Percepto","Autonomous drones for inspection.","https://percepto.co/","https://www.linkedin.com/company/perceptoautonomousdrones/","Inspection","Robot or automated system","No","Aerial drone – Multirotor","","","","",""
"Peregrine.ai","Computer vision for dashcams.","https://www.peregrine.ai/","https://www.linkedin.com/company/peregrine-ai/","Transportation,Transportation of goods,Trucking","Software","No","","","","","",""
"Perpetual","Robotic inventory system for healthcare.","https://perpetual.so/","https://www.linkedin.com/company/perpetualsolutions/","Healthcare,Pharma","Robot or automated system","No","Modular or standardized storage and retrieval system","","","","",""
"Petra","Robots for boring and undergrounding utilities.","https://petra.cc/","https://www.linkedin.com/company/petraundergrounding/","Boring,Civil engineering","Robot or automated system","Yes","Automated system – Other","","","","",""
"Pickle Robot Company","Robots for material handling.","https://picklerobot.com/","https://www.linkedin.com/company/pickle-robot-company/","Warehousing and storage","Robot or automated system","No","Hybrid robotic system,Mobile manipulator,Mobile robot – Wheeled – Indoor,Robotic arm – Articulated","","","","",""
"PickNik Robotics","Software for intuitive robotic arm programming and control.","https://picknik.ai/","https://www.linkedin.com/company/picknik/","Robotic controls,Robotics development","Software","No","","","","","",""
"Pike Robotics","Mobile robots for inspection of floating roof storage tanks.","https://www.pikerobotics.com/","https://www.linkedin.com/company/pike-robotics/","Energy,Inspection,Oil and Gas","Robot or automated system","No","Climbing robot","","","","",""
"Pio","Robotic modular storage system for smaller retailers.","https://pio.com/","https://www.linkedin.com/company/pioautomation/","Retail,Warehousing and storage","Robot or automated system","No","Modular or standardized storage and retrieval system","","","","",""
"Pivot Robotics","Surface-finishing robots with autonomous visual QA.","https://www.pivotrobotics.com/","https://www.linkedin.com/company/pivot-robotics/","Manufacturing","Robot or automated system","Yes","Robotic arm – Articulated","","","","",""
"Pixconvey","Delivery robot.","https://www.pixconvey.net/","https://www.linkedin.com/company/pixconvey/","Delivery","Robot or automated system","No","Mobile robot – Wheeled – Outdoor","","","","",""
"Plus","Autonomous driving software.","https://plus.ai/","https://www.linkedin.com/company/plusai/","Automotive,Transportation,Transportation of goods,Trucking","Software","No","","","","","",""
"Plus One Robotics","Software and equipment for robotic material handling.","https://www.plusonerobotics.com/","https://www.linkedin.com/company/plusone-robotics/https://www.linkedin.com/company/plusone-robotics/","Warehousing and storage","Robot or automated system,Software","No","Automated system – Other","","","","",""
"Point One Navigation","Centimeter-accurate positioning sensors and API.","https://pointonenav.com/","https://www.linkedin.com/company/pointonenav/","Robotics development","Hardware component,Software","No","","","","","",""
"Pollen Robotics","Upper-torso humanoid robot.","https://www.pollen-robotics.com/","https://www.linkedin.com/company/pollen-robotics/","General-purpose robotics","Robot or automated system","No","Humanoid robot – Mobile platform","","","","",""
"Polymath Robotics","Software for autonomous off-road mobility.","https://www.polymathrobotics.com/","https://www.linkedin.com/company/polymath-robotics/","Agriculture and farming,Civil engineering,Construction,Earthworks,Mining,Transportation of goods","Software","No","","","","","",""
"Primordial Labs","Voice and natural language robotic control.","https://www.primordial-labs.com/","https://www.linkedin.com/company/primordial-labs-inc/","Defense,Robotic controls","Software","Yes","","","","","",""
"Progressive Robotics","No-code software for programming and simulating robotic palletizing.","https://progressiverobotics.ai/","https://www.linkedin.com/company/progressive-robotics-ai","Material handling,Robotic controls","Software","No","","","","","",""
"Proxy","Telepresence robot.","https://what-is-proxy.com/","https://www.linkedin.com/company/the-proxy-company/","General-purpose robotics","Robot or automated system","No","","","","","",""
"PX4 Autopilot","Open source autopilot for drone developers.","https://px4.io/","https://www.linkedin.com/company/px4/","Robotics development","Software","No","","","","","",""
"Pyka","Autonomous electric airplanes.","https://www.flypyka.com/","https://www.linkedin.com/company/flypyka/","Agriculture and farming,Aviation,Defense,Delivery,Transportation of goods","Robot or automated system","No","Aerial drone – Fixed-wing","","","","",""
"qbrobotics","Robotic hands.","https://qbrobotics.com/","https://www.linkedin.com/company/qbrobotics/","Robotics development","Hardware component","No","","","","","",""
"Quantum Systems","Drones and cameras for defense intelligence collection.","https://quantum-systems.com/","https://www.linkedin.com/company/quantum-systems-gmbh/","Defense","Hardware component,Robot or automated system","No","Aerial drone – Fixed-wing,Aerial drone – Multirotor","","","","",""
"Raise Robotics","Robotic fastener installation for construction.","http://raiserobotics.ai/","https://www.linkedin.com/company/raise-robotics/","Construction","Robot or automated system","No","Mobile manipulator,Mobile robot – Tracked,Robotic arm – Articulated","","","","",""
"Rapid Robotics","Software for automated material handling.","https://www.rapidrobotics.com/","https://www.linkedin.com/company/rapid-robotics-inc/","Manufacturing,Warehousing and storage","Software","No","","","","","",""
"Reach Robotics","Drones and components for underwater applications.","https://reachrobotics.com/","https://www.linkedin.com/company/reachrobotics/","Defense,Inspection,Marine,Research","Hardware component,Robot or automated system","No","Underwater drone","","","","",""
"Realtime Robotics","Motion planning software for robotic arms.","https://rtr.ai/","https://www.linkedin.com/company/realtimerobotics/","Robotic controls","Software","No","","","","","",""
"Red Cat Holdings","Holdings of multiple defense robotics companies.","https://redcat.red/","https://www.linkedin.com/company/red-cat/","Defense,Security","Robot or automated system","No","Aerial drone – Fixed-wing,Aerial drone – Multirotor","","","","",""
"Red Rabbit Robotics","Open-source humanoid robot.","http://www.redrabbitrobotics.cc/","https://www.linkedin.com/company/red-rabbit-robotics/","General-purpose robotics,Robotics development","Hardware component,Robot or automated system","No","Humanoid robot","","","","",""
"Reflex Robotics","Mobile semi-humanoid robot.","https://www.reflexrobotics.com/","https://www.linkedin.com/company/reflexrobotics/","General-purpose robotics,Material handling","Robot or automated system","No","Humanoid robot – Mobile platform","","","","",""
"Reframe Systems","Robot powered prefab construction.","https://www.reframe.systems/","https://www.linkedin.com/company/reframe-systems/","Construction","Robot-powered service","No","Hybrid robotic system","","","","",""
"Relentless Adrenaline","Research and development of robotics technologies for corporations.","https://relentlessadrenaline.com/","https://www.linkedin.com/company/relentless-adrenaline/","Research","On-demand robotics or automation development,On-demand software development","No","","","","","",""
"Reliable Robotics","Fully autonomous flight software for airplanes.","https://reliable.co/","https://www.linkedin.com/company/reliablerobotics/","Aviation","Autonomous control system","No","","","","","",""
"Renovate Robotics","Robots for roofing.","https://www.renovaterobotics.com/","https://www.linkedin.com/company/renovate-robotics/","Construction","Robot or automated system","No","Cable-driven robot","","","","",""
"Rerun","SDK for building time aware visualizations of multimodal data.","https://rerun.io/","https://www.linkedin.com/company/rerun-io/","Robotics development,Robotics management","Software,Software as a service","Yes","","","","","",""
"Reshape Automation","Online shop for automation systems and service for end-to-end automation installation.","https://www.reshapeautomation.com/","https://www.linkedin.com/company/reshapeautomation/","Manufacturing","On-demand robotics or automation development,Software as a service","No","","","","","",""
"RIF Robotics","Hospital robots for sterile processing.","https://www.rifrobotics.com/","https://www.linkedin.com/company/rifrobotics/","Healthcare","Robot or automated system","No","Robotic arm – Articulated","","","","",""
"RightHand Robotics","Components for robotic material handling.","https://righthandrobotics.com/","https://www.linkedin.com/company/righthand-robotics-inc/","Warehousing and storage","Hardware component","No","","","","","",""
"RobCo","Robotic arms and compatible components.","https://www.robco.de/en","https://www.linkedin.com/company/robco-therobotcompany/","Manufacturing,Material handling","Hardware component,Robot or automated system,Robot-powered service","No","Robotic arm – Articulated","","","","",""
"Roboception GmbH","3D stereo vision cameras for robots.","https://roboception.com/","https://www.linkedin.com/company/roboception-gmbh/","Robotics development","Hardware component","Yes","","","","","",""
"RoboDK","Simulation software and programming for industrial robots.","https://robodk.com/","https://www.linkedin.com/company/robodk/","Robotic controls,Robotics development","Software","No","","","","","",""
"Roboflow","Computer vision tools.","https://roboflow.com/","https://www.linkedin.com/company/roboflow-ai/","Robotics development","Software,Software as a service","No","","","","","",""
"Robosoft","SMACC state machine library for robotics applications.","https://robosoft.ai/","https://www.linkedin.com/company/robosoft-ai2/","Robotics development","Software","No","","","","","",""
"Robot Advisors","Consultancy that helps companies select robotic solutions for their needs.","https://www.robotadvisorygroup.com/","https://www.linkedin.com/company/robot-advisors/about/","Inventory management,Material handling,Robotics management,Warehousing and storage","On-demand service other","Yes","","","","","",""
"Robotec.ai","Simulation tools for ROS2.","http://www.robotec.ai/","https://www.linkedin.com/company/robotec-ai/","Robotics development","Software","No","","","","","",""
"Robotiq","Grippers, sensors etc.","https://robotiq.com/","https://www.linkedin.com/company/robotiq/","Robotics development","Hardware component","No","","","","","",""
"RoboTire","Robots for tire changing.","https://robotire.com/","https://www.linkedin.com/company/robotire/","Car maintenance","Robot or automated system","No","Robotic arm – Articulated","","","","",""
"Robotnik Automation","Mobile robot platforms","http://www.robotnik.eu/","https://www.linkedin.com/company/robotnik-automation/","Robotics development","Robot or automated system","Yes","Mobile manipulator,Mobile robot – Wheeled – Indoor,Mobile robot – Wheeled – Off-road,Mobile robot – Wheeled – Outdoor,Robotic arm – Articulated","","","","",""
"Roboto AI","Service for robotic data management.","https://www.roboto.ai/","https://www.linkedin.com/company/robotoai/","Robotics management","Software as a service","No","","","","","",""
"Robovision","","https://robovision.ai/","https://www.linkedin.com/company/robovisionai/","Robotics development","Software","Yes","","","","","",""
"Robust.AI","Robots for moving materials.","https://www.robust.ai/","https://www.linkedin.com/company/robust-ai/","Manufacturing,Warehousing and storage","Robot or automated system","Yes","Mobile robot – Wheeled – Indoor","","","","",""
"Rover Robotics","Mobile robotic platform for robotic developers, researchers, and engineers.","https://roverrobotics.com/","https://www.linkedin.com/company/rover-robotics/","Robotics development","Robot or automated system","Yes","Mobile robot – Tracked,Mobile robot – Wheeled – Off-road","","","","",""
"Rugged Robotics","Construction layout robots.","https://rugged-robotics.com/","https://www.linkedin.com/company/rugged-robotics/","Construction","Robot or automated system","No","Mobile robot – Wheeled – Indoor","","","","",""
"Sabanto","Autopilot system for tractors.","https://sabantoag.com/","https://www.linkedin.com/company/sabanto/","Agriculture and farming","Autonomous control system","No","Automation retrofit","","","","",""
"Salient Motion","Motor controllers.","https://www.salientmotion.com/","https://www.linkedin.com/company/salient-motion/","Robotic controls,Robotics development","Hardware component","No","","","","","",""
"Sanctuary AI","Robot control system and humanoid robot.","https://sanctuary.ai/","https://www.linkedin.com/company/sanctuaryai/","General-purpose robotics","Autonomous control system,Robot or automated system,Software","Yes","Humanoid robot","","","","",""
"Saronic Technologies","Autonomous maritime surface vehicles.","https://www.saronic.com/","https://www.linkedin.com/company/saronic-technologies/","Defense","Robot or automated system","No","Surface water drone","","","","",""
"Scaled Foundations","General robot intelligence for robots to operate in the physical world.","https://scaledfoundations.ai/","https://www.linkedin.com/company/scaled-foundations/","Robotic controls,Robotics development","Software","Yes","","","","","",""
"Scythe Robotics","Robotic mower.","https://www.scytherobotics.com/","https://www.linkedin.com/company/scythe-robotics/","Landscaping","Robot or automated system","No","Mobile robot – Wheeled – Off-road","","","","",""
"Seasats","Autonomous surface vehicles.","https://www.seasats.com/","https://www.linkedin.com/company/seasats/","Defense,Inspection,Research,Science","Robot or automated system","No","Surface water drone","","","","",""
"Seegrid","Autonomous forklifts.","https://seegrid.com/","https://www.linkedin.com/company/seegrid/","Warehousing and storage","Robot or automated system","Yes","Mobile robot – Wheeled – Indoor","","","","",""
"Segments.ai","Multi-sensor labeling platform for robotics and autonomous driving.","https://segments.ai/","https://www.linkedin.com/company/segmentsai/","Robotics development","Software","Yes","","","","","",""
"Sensei Robotics","Mechanical Turk for robotic training data collection.","https://senseirobotics.com/","https://www.linkedin.com/company/sensei-robotics-yc-s24/","Robotics development","On-demand service other,Software","Yes","","","","","",""
"Septentrio","GNSS receivers.","https://www.septentrio.com/en","https://www.linkedin.com/company/septentrio/","Automotive,Marine,Robotics development,Space,Surveying","Hardware component","No","","","","","",""
"Sereact","AI-powered material handling robots.","https://sereact.ai/","https://www.linkedin.com/company/sereact/","Material handling,Packaging","Software","Yes","","","","","",""
"Serve Robotics","Mobile delivery robots.","https://www.serverobotics.com/","https://www.linkedin.com/company/serverobotics/","Delivery","Robot or automated system","No","Mobile robot – Wheeled – Outdoor","","","","",""
"Sevensense Robotics","Sensors and software that turns mobile ground machines into autonomous robots.","https://www.sevensense.ai/","https://www.linkedin.com/company/sevensense-robotics/","Robotic controls,Robotics development","Autonomous control system,Hardware component","Yes","","","","","",""
"Shield AI","UAVs, software and sensors for defense aerial autonomy.","https://shield.ai/","https://www.linkedin.com/company/shield-ai/","Defense","Autonomous control system,Hardware component,Robot or automated system","No","Aerial drone – Multirotor,Aerial drone – VTOL","","","","",""
"Shinkei","AI-powered automated traditional fishing techniques tor reduce food waste.","https://www.shinkei.systems/","https://www.linkedin.com/company/shinkeisystems/","Fishing,Food","Robot or automated system,Software","No","","","","","",""
"Sick","Various sensors.","https://www.sick.com/us/en/","https://www.linkedin.com/company/sicksensorintelligence/","Robotics development","Hardware component","No","","","","","",""
"Sift","Platform for analysis of telemetry data.","https://www.siftstack.com/","https://www.linkedin.com/company/sift-stack/","Robotics development,Robotics management","Software,Software as a service","No","","","","","",""
"Skild AI","General purpose robotic intelligence.","https://www.skild.ai/","https://www.linkedin.com/company/skildai/","Robotic controls,Robotics development","Software","No","","","","","",""
"Skip Robotics","Robotics engineering consulting.","https://www.skiprobotics.com/","https://www.linkedin.com/company/skip-robotics/","Robotics development","On-demand software development,Software","No","","","","","",""
"Skydio","Autonomous drones.","https://www.skydio.com/","https://www.linkedin.com/company/skydio/","Defense,Energy,Inspection,Safety,Security","Robot accessory,Robot or automated system","No","Aerial drone – Multirotor","","","","",""
"Slamcore","Vision-based position.","https://www.slamcore.com/","https://www.linkedin.com/company/slamcore-limited/","Robotics development,Warehousing and storage","Hardware component","Yes","","","","","",""
"Slip Robotics","Automated mobile platforms for loading and unloading trucks.","https://www.sliprobotics.com/","https://www.linkedin.com/company/slip-robotics/","Material handling,Warehousing and storage","Robot as a service,Robot or automated system","Yes","Mobile robot – Wheeled – Indoor","","","","",""
"Smart Robotics","Material handling robots.","https://smart-robotics.io/","https://www.linkedin.com/company/smart-robotics/","Warehousing and storage","Robot or automated system","No","Robotic arm – Articulated","","","","",""
"SNOWBOTIX","Autonomous snow removal and mowing robot.","https://snowbotix.com/","https://www.linkedin.com/company/snowbotix/","Cleaning,Landscaping,Snow removal","Robot or automated system","No","Mobile robot – Tracked","","","","",""
"SolarCleano","Solar panel cleaning robots.","https://solarcleano.com/en/","https://www.linkedin.com/company/solarcleano/","Solar","Robot or automated system","No","Climbing robot,Hybrid robotic system,Mobile robot – Tracked,Mobile robot – Wheeled – Outdoor","","","","",""
"Source Robotics","DIY robotic arms.","https://source-robotics.com/","https://www.linkedin.com/company/source-robotics/","General-purpose robotics,Research","Hardware component,Robot or automated system","No","Robotic arm – Articulated","","","","",""
"Southie Autonomy","Robot arms for packaging with no-code setup.","https://www.southie.ai/","https://www.linkedin.com/company/southieautonomy/","Material handling,Packaging","Robot as a service,Robot or automated system","No","Hybrid robotic system,Robotic arm – Articulated","","","","",""
"Sparck Technologies","Automated packaging technology.","https://sparcktechnologies.com/","https://www.linkedin.com/company/sparck-technologies/","Packaging","Robot or automated system","No","Automated system – Other","","","","",""
"Spin Robotics","Screwdriver end-effectors for robots.","https://spin-robotics.com/","https://www.linkedin.com/company/spin-robotics/","Manufacturing","Hardware component","No","","","","","",""
"Stack AV","Control systems for autonomous trucking.","https://www.stackav.com/","https://www.linkedin.com/company/stackav/","Transportation of goods,Trucking","Autonomous control system","No","","","","","",""
"Standard Bots","Autonomous robotic arms.","https://standardbots.com/","https://www.linkedin.com/company/standard-bots/","General-purpose robotics,Manufacturing,Warehousing and storage","Robot or automated system","No","Robotic arm – Articulated","","","","",""
"Stanley Robotics","Robots for car parking.","https://www.stanley-robotics.com/","https://www.linkedin.com/company/stanley-robotics/","Car parking","Robot or automated system","No","Mobile robot – Wheeled – Outdoor","","","","",""
"Star Robotics","Mobile platforms with and without manipulators.","https://www.star-robotics.com/","https://www.linkedin.com/company/star-robotics/","General-purpose robotics,Security","Robot or automated system","No","Mobile manipulator,Mobile robot – Tracked,Mobile robot – Wheeled – Indoor,Mobile robot – Wheeled – Outdoor","","","","",""
"Starship Technologies","Autonomous delivery robots.","https://www.starship.xyz/","https://www.linkedin.com/company/starshiptechnologies/","Delivery","Robot or automated system","No","Mobile robot – Wheeled – Outdoor","","","","",""
"Stereolabs","Bringing human vision to machines and physical spaces.","https://www.stereolabs.com/","https://www.linkedin.com/company/stereolabs/","Robotics development","Hardware component","No","","","","","",""
"Stogl Robotics","Robot development consultancy with heavy focus on ROS.","https://en.stoglrobotics.de/","https://www.linkedin.com/company/stoglrobotics/","Robotics development","On-demand robotics or automation development","No","","","","","",""
"Swarm Aero","Drones specifically designed for swarm use.","https://www.swarm.aero/","https://www.linkedin.com/company/swarm-aero/","Defense","Robot or automated system","No","Aerial drone – Fixed-wing","","","","",""
"Swarmbotics AI","Ground swarm robots for defense.","https://www.swarmbotics.ai/","https://www.linkedin.com/company/swarmbotics-ai/","Defense","Robot or automated system","No","Mobile robot – Wheeled – Off-road","","","","",""
"Swiss-Mile","Wheeled quadruped robot.","https://www.swiss-mile.com/","https://www.linkedin.com/company/swiss-mile/","Construction,Delivery,General-purpose robotics,Material handling,Security","Robot or automated system","Yes","Quadrupedal robot – Wheeled","","","","",""
"Symbotic","Warehouse robots and storage system.","https://www.symbotic.com/","https://www.linkedin.com/company/symbotic/","Warehousing and storage","Robot or automated system","No","Hybrid robotic system,Mobile robot – Wheeled – Indoor,Modular or standardized storage and retrieval system,Robotic arm – Articulated","","","","",""
"Tailos","Commercial robot vacuum. ","https://tailos.com/","https://www.linkedin.com/company/tailosinc/","Cleaning,Hospitality","Robot or automated system","No","Mobile robot – Wheeled – Indoor","","","","",""
"Tangram Vision","3D vision sensor calibration software and a 3D sensor.","https://www.tangramvision.com/","https://www.linkedin.com/company/tangram-vision/","Robotic controls,Robotics development","On-demand service other","Yes","","","","","",""
"Tau Robotics","General AI for robots.","https://www.tau-robotics.com/","https://www.linkedin.com/company/tau-robotics/","Robotic controls,Robotics development","Software","Yes","","","","","",""
"Teal Drones","Drones with night vision capabilities.","https://tealdrones.com/","https://www.linkedin.com/company/teal/","Defense,Safety","Robot or automated system","No","Aerial drone – Multirotor","","","","",""
"Teledyne FLIR","Perception sensors, components and drones.","https://www.flir.com/","https://www.linkedin.com/company/teledyne-flir/","Defense,Robotics development,Security","Hardware component,Robot or automated system","No","Aerial drone – Multirotor,Aerial drone – Single-rotor","","","","",""
"Tennibot","Robotic assistants for tennis.","https://www.tennibot.com/","https://www.linkedin.com/company/tennibot/","Sports","Robot or automated system","No","Mobile robot – Wheeled – Outdoor","","","","",""
"Terradepth","Underwater inspection services by autonomous submersibles.","https://www.terradepth.com/","https://www.linkedin.com/company/terradepth/","Defense,Inspection,Marine","Robot as a service","No","Underwater drone","","","","",""
"Tevel","Autonomous fruit harvesting tethered drone system.","http://www.tevel-tech.com/","https://www.linkedin.com/company/tevel-aerobotics-technologies/","Agriculture and farming","Robot or automated system","No","Aerial drone – Multirotor,Aerial drone – Tethered,Mobile robot – Wheeled – Off-road","","","","",""
"The AI Institute","AI research and development of broad robotic intelligence.","https://theaiinstitute.com/","https://www.linkedin.com/company/theaiinstitute/","Healthcare,Manufacturing,Robotics development","Software","No","","","","","",""
"Theseus","Visual navigation replacement for GPS.","https://theseus.us/","https://www.linkedin.com/company/theseustech/","Defense,Space","Hardware component","Yes","","","","","",""
"Third Wave Automation","Autonomous forklifts and reach trucks.","https://www.thirdwave.ai/","https://www.linkedin.com/company/thirdwaveautomation/","Warehousing and storage","Robot or automated system","No","Mobile robot – Wheeled – Indoor","","","","",""
"TIER IV","Open-source software and autonomous control system for autonomous mobility.","https://tier4.jp/en/","https://www.linkedin.com/company/tier-iv-inc/","Automotive,Robotics development","Autonomous control system,Software","No","","","","","",""
"Titan Robotics, Inc.","Robotics solution provider.","https://www.titanrobots.com/","https://www.linkedin.com/company/titan-robotics-inc-/","Manufacturing","On-demand robotics or automation development","No","","","","","",""
"Toggle Robotics","Rebar-welding robots.","https://toggle.is/","https://www.linkedin.com/company/toggle-robotics/","Construction","Robot or automated system","No","Robotic arm – Articulated","","","","",""
"Tokyo Robotics","Various semi-humanoid robots.","https://robotics.tokyo/","https://www.linkedin.com/company/tokyo-robotics/","General-purpose robotics","Hardware component,Robot or automated system","No","Humanoid robot – Mobile platform","","","","",""
"Tomahawk Robotics","Controllers for defense robots.","https://www.tomahawkrobotics.com/","https://www.linkedin.com/company/tomahawk-robotics/","Defense,Robotic controls,Robotics development","Hardware component","No","","","","","",""
"Torc","Autonomous software solution for the trucking/freight industry.","https://torc.ai/","https://www.linkedin.com/company/torc-technologies/","Transportation of goods,Trucking","Autonomous control system","No","Automation retrofit","","","","",""
"TRACLabs","Robotics and automation research and development.","https://traclabs.com/","https://www.linkedin.com/company/traclabs/","General-purpose robotics,Robotics development,Space","On-demand robotics or automation development","No","","","","","",""
"Tractonomy Robotics","Autonomous towing robot.","https://www.tractonomy.com/","https://www.linkedin.com/company/tractonomy/","Material handling,Warehousing and storage","Robot or automated system","Yes","Mobile robot – Wheeled – Indoor","","","","",""
"UKRSPECSYSTEMS","Defense drones and drone accessories.","https://ukrspecsystems.com/","https://www.linkedin.com/company/ukrspecsystems/","Defense","Hardware component,Robot accessory,Robot or automated system","No","Aerial drone – Fixed-wing","","","","",""
"Ultralytics","AI vision models.","https://www.ultralytics.com/","https://www.linkedin.com/company/ultralytics/","Robotics development","Software,Software as a service","Yes","","","","","",""
"Unitree Robotics","Various general-purpose robots.","https://www.unitree.com/","https://www.linkedin.com/company/unitreerobotics/","General-purpose robotics","Robot or automated system","No","Humanoid robot,Quadrupedal robot,Robotic arm – Articulated","","","","",""
"UnitX","Visual defect detection system for manufacturing.","https://www.unitxlabs.com/","https://www.linkedin.com/company/unitxlabs/","Manufacturing","Hardware component,Software","No","","","","","",""
"Unlimited Robotics","Mobile humanoid-like robot.","https://www.unlimited-robotics.com/","https://www.linkedin.com/company/unlimited-robotics/","General-purpose robotics,Healthcare","Robot or automated system","No","Humanoid robot – Mobile platform","","","","",""
"Urban Machine","Robotics for recycling used lumber.","https://urbanmachine.build/","https://www.linkedin.com/company/urban-machine/","Construction,Lumber","Robot or automated system","No","Automated system – Other","","","","",""
"Vantage Robotics","Drones and drone controllers for defense.","https://vantagerobotics.com/","https://www.linkedin.com/company/vantage-robotics/","Defense","Hardware component,Robot or automated system","No","Aerial drone – Multirotor","","","","",""
"Vatn Systems","Autonomous submarine drone.","https://www.vatnsystems.com/","https://www.linkedin.com/company/vatnsystems/","Defense,Marine","Robot or automated system","No","Underwater drone","","","","",""
"Vayu Robotics","Mobile robotics platform and proprietary delivery robot as a service.","https://www.vayurobotics.com/","https://www.linkedin.com/company/vayu-robotics/","Delivery,Robotics development","Hardware component,Robot as a service,Software","No","Mobile robot – Wheeled – Outdoor","","","","",""
"Vecna Robotics","Robots for autonomous warehouse work.","https://www.vecnarobotics.com/","https://www.linkedin.com/company/vecna-robotics/","Warehousing and storage","Robot or automated system","No","Mobile robot – Wheeled – Indoor","","","","",""
"Vention","Modular robotic system for industrial applications.","https://vention.io/","https://www.linkedin.com/company/vention/","Manufacturing,Material handling,Packaging,Warehousing and storage","Robot or automated system,Software","No","Automated system – Other,Hybrid robotic system,Robotic arm – Articulated","","","","",""
"Veo Robotics, Inc.","Computer vision for safe robot operation.","https://www.veobot.com/","https://www.linkedin.com/company/veobot/","Robotic controls","Robot or automated system","No","Automated system – Other","","","","",""
"Verdant Robotics","Computer-vision powered device for spraying and weeding crops.","https://www.verdantrobotics.com/","https://www.linkedin.com/company/verdantrobotics/","Agriculture and farming","Robot or automated system","No","Automated system – Other","","","","",""
"Viam","Software for robotics observability.","https://www.viam.com/","https://www.linkedin.com/company/viaminc/","Robotic controls,Robotics development,Robotics management","Software,Software as a service","No","","","","","",""
"Vici Robotics","Robots for stocking shelves and moving retail products.","https://www.vicirobotics.com/","https://www.linkedin.com/company/vici-robotics/","Retail,Warehousing and storage","Robot or automated system","No","","","","","",""
"Vitibot","Autonomous robots for vineyard inspection.","https://vitibot.fr/","https://www.linkedin.com/company/vitibot/","Agriculture and farming","Robot or automated system","No","Mobile robot – Wheeled – Off-road","","","","",""
"Void Robotics","Agency for robotic development with mobile platform products.","http://www.voidrobotics.com/","https://www.linkedin.com/company/void-robotics/","Robotics development","On-demand robotics or automation development,Robot or automated system","No","Mobile robot – Wheeled – Outdoor","","","","",""
"Volarious","Tethered drone system.","https://www.volarious.com/","https://www.linkedin.com/company/volarious-tethered-drone-systems/","Defense,Security","Robot accessory,Robot or automated system","No","Aerial drone – Multirotor,Aerial drone – Tethered","","","","",""
"Voliro","Inspection drones with contact inspection sensors.","https://voliro.com/","https://www.linkedin.com/company/voliro-ch/","Inspection","Robot or automated system","No","Aerial drone – Multirotor","","","","",""
"Waabi","Truck autopilot system.","https://waabi.ai/","https://www.linkedin.com/company/waabi/","Transportation of goods,Trucking","Autonomous control system","No","","","","","",""
"Wandelbots","Simplified robot programming.","https://www.wandelbots.com/","https://www.linkedin.com/company/wandelbots/","Robotic controls","Software","No","","","","","",""
"Watney Robotics Inc","General purpose mobile robot controlled by language.","https://watneyrobotics.com/","https://www.linkedin.com/company/watneyrobotics/","General-purpose robotics","Robot or automated system","Yes","Humanoid robot – Mobile platform","","","","",""
"Wayve","Autonomous driving software.","https://wayve.ai/","https://www.linkedin.com/company/wayve-technologies/","Automotive","Autonomous control system","No","","","","","",""
"Wilder Systems Robots","Robots as a Service for aerospace manufacturing and maintenance processes.","https://www.wsrobots.com/","https://www.linkedin.com/company/wilder-systems-robots/","Aviation,Defense,Manufacturing","Robot as a service","No","Mobile manipulator,Mobile robot – Railed,Mobile robot – Wheeled – Indoor,Robotic arm – Articulated","","","","",""
"Wingtra","VTOL drone and sensors for mapping and surveying.","https://wingtra.com/","https://www.linkedin.com/company/wingtra/","Agriculture and farming,Earthworks,Energy,Infrastructure,Inspection,Surveying","Robot or automated system","No","Aerial drone – Fixed-wing","","","","",""
"Woodworking Robotics","Robotic woodworking stations.","https://www.jjsmith.co.uk/woodworking-robotics","https://www.linkedin.com/company/woodworking-robotics/","Woodworking","Robot or automated system","No","Robotic arm – Articulated","","","","",""
"Xtend AI","Mobile hospital robots.","https://www.xtendrobotics.com/","https://www.linkedin.com/company/xtend-ai/","Healthcare","Robot or automated system","No","Humanoid robot – Mobile platform,Mobile robot – Wheeled – Indoor","","","","",""
"Yard Robotics","Robot-powered lawn maintenance service.","https://yard.bot/","https://www.linkedin.com/company/yard-robotics/","Landscaping","Robot-powered service","No","Mobile robot – Wheeled – Off-road","","","","",""
"yondu","Robot for retail automation.","https://www.yonduai.com/","https://www.linkedin.com/company/yonduai/","Retail","Robot as a service","No","","","","","",""
"Zipline","Drone delivery.","https://www.flyzipline.com/","https://www.linkedin.com/company/flyzipline/","Delivery,Transportation of goods","Robot or automated system","No","Aerial drone – Fixed-wing,Aerial drone – VTOL","","","","",""
"Zivid","3D stereo cameras for pick and place robots.","https://www.zivid.com/","https://www.linkedin.com/company/zividlabs/","Robotics development","Hardware component","Yes","","","","","",""
